[
	{ 
		"url":"https://worldwind.arc.nasa.gov/web/examples/data/proba_v_out_italy/",
        "regionName":"Rome",
		"filenameList":["probav_s5_toc_x19y03_20140606_100m_ndvi_v001.txt",
						"probav_s5_toc_x19y03_20140706_100m_ndvi_v001.txt",
						"probav_s5_toc_x19y03_20140806_100m_ndvi_v001.txt",
						"probav_s5_toc_x19y03_20140906_100m_ndvi_v001.txt",
						"probav_s5_toc_x19y03_20141006_100m_ndvi_v001.txt",
						"probav_s5_toc_x19y03_20141106_100m_ndvi_v001.txt",
						"probav_s5_toc_x19y03_20141206_100m_ndvi_v001.txt",
						"probav_s5_toc_x19y03_20150106_100m_ndvi_v001.txt",
						"probav_s5_toc_x19y03_20150206_100m_ndvi_v001.txt",
						"probav_s5_toc_x19y03_20150306_100m_ndvi_v001.txt",
						"probav_s5_toc_x19y03_20150406_100m_ndvi_v001.txt",
						"probav_s5_toc_x19y03_20150506_100m_ndvi_v001.txt",
						"probav_s5_toc_x19y03_20150606_100m_ndvi_v001.txt"
						]
    },
	{ 
		"url":"https://worldwind.arc.nasa.gov/web/examples/data/proba_v_italy_sicily/",
        "regionName":"Sicily",
		"filenameList":["probav_s10_toc_x19y03_20140601_333m_ndvi_v001.txt",
						"probav_s10_toc_x19y03_20140611_333m_ndvi_v001.txt",
						"probav_s10_toc_x19y03_20140621_333m_ndvi_v001.txt",
						"probav_s10_toc_x19y03_20140701_333m_ndvi_v001.txt",
						"probav_s10_toc_x19y03_20140711_333m_ndvi_v001.txt",
						"probav_s10_toc_x19y03_20140721_333m_ndvi_v001.txt",
						"probav_s10_toc_x19y03_20140801_333m_ndvi_v001.txt",
						"probav_s10_toc_x19y03_20140811_333m_ndvi_v001.txt",
						"probav_s10_toc_x19y03_20140821_333m_ndvi_v001.txt",
						"probav_s10_toc_x19y03_20140901_333m_ndvi_v001.txt",
						"probav_s10_toc_x19y03_20140911_333m_ndvi_v001.txt",
						"probav_s10_toc_x19y03_20140921_333m_ndvi_v001.txt",
						"probav_s10_toc_x19y03_20141001_333m_ndvi_v001.txt",
						"probav_s10_toc_x19y03_20141011_333m_ndvi_v001.txt",
						"probav_s10_toc_x19y03_20141021_333m_ndvi_v001.txt",
						"probav_s10_toc_x19y03_20141101_333m_ndvi_v001.txt",
						"probav_s10_toc_x19y03_20141111_333m_ndvi_v001.txt",
						"probav_s10_toc_x19y03_20141121_333m_ndvi_v001.txt",
						"probav_s10_toc_x19y03_20141201_333m_ndvi_v001.txt",
						"probav_s10_toc_x19y03_20141211_333m_ndvi_v001.txt",
						"probav_s10_toc_x19y03_20141221_333m_ndvi_v001.txt",
						"probav_s10_toc_x19y03_20150101_333m_ndvi_v001.txt",
						"probav_s10_toc_x19y03_20150111_333m_ndvi_v001.txt",
						"probav_s10_toc_x19y03_20150121_333m_ndvi_v001.txt",
						"probav_s10_toc_x19y03_20150201_333m_ndvi_v001.txt",
						"probav_s10_toc_x19y03_20150211_333m_ndvi_v001.txt",
						"probav_s10_toc_x19y03_20150221_333m_ndvi_v001.txt",
						"probav_s10_toc_x19y03_20150301_333m_ndvi_v001.txt",
						"probav_s10_toc_x19y03_20150311_333m_ndvi_v001.txt",
						"probav_s10_toc_x19y03_20150321_333m_ndvi_v001.txt",
						"probav_s10_toc_x19y03_20150401_333m_ndvi_v001.txt",
						"probav_s10_toc_x19y03_20150411_333m_ndvi_v001.txt",
						"probav_s10_toc_x19y03_20150421_333m_ndvi_v001.txt",
						"probav_s10_toc_x19y03_20150501_333m_ndvi_v001.txt",
						"probav_s10_toc_x19y03_20150511_333m_ndvi_v001.txt",
						"probav_s10_toc_x19y03_20150521_333m_ndvi_v001.txt",
						"probav_s10_toc_x19y03_20150601_333m_ndvi_v001.txt",
						"probav_s10_toc_x19y03_20150611_333m_ndvi_v001.txt",
						"probav_s10_toc_x19y03_20150621_333m_ndvi_v001.txt"
						]
    }
]